topic,subject,relation,object,question,output_vicuna_7b_v1.5,eval_vicuna_7b_v1.5,multiple_choices,paraphrased_question,multiple_choice_with_letters,multiple_choice_labels,yes_question,no_question,locality_question,reversed_relation_question,question_2hop,answer_2hop,question_3hop,answer_3hop,question_4hop,answer_4hop,question_5hop,answer_5hop,question_6hop,answer_6hop
health_symptom,tunnel vision,afflicts,peripheral vision,What does tunnel vision afflict?,Tunnel vision afflicts the eyes,0.0,"['peripheral vision', 'the eyes', 'central vision', 'color perception']",What is affected by tunnel vision?,A. Tunnel vision afflicts the eyes  B. peripheral vision  C. central vision  D. color perception,B,Does tunnel vision afflict peripheral vision?,Does tunnel vision afflict the eyes?,What is a common symptom of tunnel vision?,What afflicts peripheral vision?,What is a common cause of the condition that tunnel vision afflicts?,Glaucoma,Which part of the eye is primarily affected by the common cause of the condition that tunnel vision afflicts?,Optic nerve,What is a common symptom of damage to the part of the eye primarily affected by the common cause of the condition that tunnel vision afflicts?,Loss of peripheral vision,What is a common diagnostic test used to detect damage to the part of the eye primarily affected by the common cause of the condition that tunnel vision afflicts?,Visual field test,Which medical specialist commonly performs the diagnostic test used to detect damage to the part of the eye primarily affected by the common cause of the condition that tunnel vision afflicts?,Ophthalmologist
health_symptom,tunnel vision,health specialty,ophthalmology,What is the health specialty of tunnel vision?,Tunnel vision is a condition in which a person's field of vision is,0.0,"['ophthalmology', ""Tunnel vision is a condition in which a person's field of vision is"", 'neurology', 'cardiology']",Which medical field deals with tunnel vision?,A. neurology  B. ophthalmology  C. cardiology  D. Tunnel vision is a condition in which a person's field of vision is,B,Is the health specialty of tunnel vision ophthalmology?,Is the health specialty of tunnel vision Tunnel vision is a condition in which a person's field of vision is?,What part of the body is primarily associated with tunnel vision?,What condition is treated in the field of ophthalmology?,Which medical professional specializes in treating tunnel vision?,Ophthalmologist,What is the primary condition that an ophthalmologist treats which can cause tunnel vision?,Glaucoma,What is a common symptom of glaucoma that an ophthalmologist might look for?,Increased intraocular pressure,What diagnostic tool might an ophthalmologist use to measure intraocular pressure?,Tonometer,Which part of the eye does a tonometer measure to assess intraocular pressure?,Cornea
health_symptom,fatigue,health specialty,primary care,What is the health specialty of fatigue?,Fatigue is a common symptom that can be caused by a variety of,0.0,"['primary care', 'Fatigue is a common symptom that can be caused by a variety of', 'cardiology', 'neurology']",Which medical specialty deals with fatigue?,A. primary care  B. Fatigue is a common symptom that can be caused by a variety of  C. cardiology  D. neurology,A,Is primary care the health specialty of fatigue?,Is Fatigue is a common symptom that can be caused by a variety of the health specialty of fatigue?,What is a common symptom that primary care physicians treat?,What condition is managed by primary care?,Which type of doctor specializes in treating fatigue?,Endocrinologist,What is a common condition that an endocrinologist might treat that can cause fatigue?,Hypothyroidism,What is a common symptom of hypothyroidism?,Weight gain,What is a common dietary recommendation for managing weight gain due to hypothyroidism?,Low-calorie diet,What is a common nutrient that should be included in a low-calorie diet to help manage hypothyroidism?,Iodine
health_symptom,bleeding gums,health specialty,oral and maxillofacial surgery,What is the health specialty of bleeding gums?,Bleeding gums are a symptom of a dental condition known as ging,0.0,"['oral and maxillofacial surgery', 'Bleeding gums are a symptom of a dental condition known as ging', 'periodontology', 'dentistry']",Which health specialty deals with bleeding gums?,A. dentistry  B. Bleeding gums are a symptom of a dental condition known as ging  C. oral and maxillofacial surgery  D. periodontology,C,Is oral and maxillofacial surgery the health specialty for bleeding gums?,Is Bleeding gums are a symptom of a dental condition known as ging the health specialty for bleeding gums?,What is a common symptom associated with bleeding gums?,What condition is treated by oral and maxillofacial surgery?,Which health specialty deals with bleeding gums?,Periodontology,What is a common treatment provided by the health specialty that deals with bleeding gums?,Scaling and root planing,What tool is commonly used in the treatment provided by the health specialty that deals with bleeding gums?,Ultrasonic scaler,Which company manufactures a popular ultrasonic scaler used in the treatment provided by the health specialty that deals with bleeding gums?,Dentsply Sirona,In which country is the company located that manufactures a popular ultrasonic scaler used in the treatment provided by the health specialty that deals with bleeding gums?,United States
health_symptom,gummatous syphilis,health specialty,infectious diseases,What is the health specialty of gummatous syphilis?,Gummatous syphilis is a type of syphilis that affect,0.0,"['Infectious diseases', 'Gummatous syphilis is a type of syphilis that affect', 'Cardiology', 'Dermatology']",Which medical specialty deals with gummatous syphilis?,A. infectious diseases  B. Gummatous syphilis is a type of syphilis that affect  C. Cardiology  D. Dermatology,A,Is the health specialty of gummatous syphilis infectious diseases?,Is the health specialty of gummatous syphilis Gummatous syphilis is a type of syphilis that affect?,What type of bacteria causes gummatous syphilis?,What condition is associated with the health specialty of infectious diseases?,Which medical specialty deals with the treatment of gummatous syphilis?,Dermatology,What is a common diagnostic test used in the medical specialty that treats gummatous syphilis?,VDRL test,What type of pathogen is detected by the diagnostic test commonly used in the medical specialty that treats gummatous syphilis?,Treponema pallidum,Who discovered the pathogen detected by the diagnostic test used in the medical specialty that treats gummatous syphilis?,Fritz Schaudinn,In which year was the pathogen discovered by Fritz Schaudinn that is detected by the diagnostic test used in the medical specialty that treats gummatous syphilis?,1905
health_symptom,red eye,afflicts,conjunctiva,What does red eye afflict?,Red eye affliction is a condition that causes redness and irritation,0.0,"['conjunctiva', 'Red eye affliction is a condition that causes redness and irritation', 'cornea', 'retina']",What part of the body is affected by red eye?,A. cornea  B. Red eye affliction is a condition that causes redness and irritation  C. retina  D. conjunctiva,D,Does red eye afflict the conjunctiva?,Does red eye afflict a condition that causes redness and irritation?,What is a common symptom of red eye?,What afflicts the conjunctiva?,What is a common symptom of the condition that afflicts people with red eye?,Eye redness,What is a common cause of the symptom that afflicts people with red eye?,Allergies,What is a common treatment for the cause of the symptom that afflicts people with red eye?,Antihistamines,What is a common side effect of the treatment for the cause of the symptom that afflicts people with red eye?,Drowsiness,What is a common remedy to counteract the side effect of the treatment for the cause of the symptom that afflicts people with red eye?,Caffeine
health_symptom,red eye,health specialty,ophthalmology,What is the health specialty of red eye?,"Red eye is a condition that affects the blood vessels in the eye, causing",0.0,"['ophthalmology', 'Red eye is a condition that affects the blood vessels in the eye, causing', 'dermatology', 'cardiology']",Which medical field specializes in treating red eye?,"A. dermatology  B. Red eye is a condition that affects the blood vessels in the eye, causing  C. ophthalmology  D. cardiology",C,Is ophthalmology the health specialty for red eye?,"Is Red eye is a condition that affects the blood vessels in the eye, causing the health specialty for red eye?",What part of the body is primarily affected by red eye?,What condition does ophthalmology specialize in treating?,What is a common treatment for the health specialty related to red eye?,Antibiotic eye drops,What is a common side effect of the treatment for the health specialty related to red eye?,Eye irritation,What is a common remedy for the side effect of the treatment for the health specialty related to red eye?,Artificial tears,What is a common ingredient in the remedy for the side effect of the treatment for the health specialty related to red eye?,Glycerin,What is a common use of the ingredient in the remedy for the side effect of the treatment for the health specialty related to red eye?,Moisturizing
health_symptom,bone fracture,health specialty,osteology,What is the health specialty of bone fracture?,Orthopedics,0.0,"['Osteology', 'Orthopedics', 'Cardiology', 'Neurology']",Which health specialty deals with bone fractures?,A. Cardiology  B. osteology  C. Neurology  D. Orthopedics,B,Is the health specialty of bone fracture osteology?,Is the health specialty of bone fracture orthopedics?,What is a common treatment method for bone fractures?,What condition does osteology specialize in?,What is the medical specialty that deals with bone fractures?,Orthopedics,Who is a famous doctor in the field of orthopedics?,Dr. James Andrews,Which university did Dr. James Andrews attend for his medical degree?,Louisiana State University,In which city is Louisiana State University located?,Baton Rouge,In which state is the city of Baton Rouge located?,Louisiana
health_symptom,myoclonus,health specialty,neurology,What is the health specialty of myoclonus?,Myoclonus is a type of muscle spasm or twitch that,0.0,"['neurology', 'Myoclonus is a type of muscle spasm or twitch that', 'cardiology', 'dermatology']",Which medical field specializes in myoclonus?,A. dermatology  B. Myoclonus is a type of muscle spasm or twitch that  C. neurology  D. cardiology,C,Is the health specialty of myoclonus neurology?,Is the health specialty of myoclonus 'Myoclonus is a type of muscle spasm or twitch that'?,What part of the body is primarily affected by myoclonus?,What condition does neurology specialize in?,Which medical professional specializes in the health specialty related to myoclonus?,Neurologist,What is a common diagnostic tool used by the medical professional who specializes in the health specialty related to myoclonus?,Electroencephalogram (EEG),What condition can be diagnosed using the diagnostic tool commonly used by the medical professional who specializes in the health specialty related to myoclonus?,Epilepsy,Which medication is often prescribed for the condition that can be diagnosed using the diagnostic tool commonly used by the medical professional who specializes in the health specialty related to myoclonus?,Valproate,What is a common side effect of the medication often prescribed for the condition that can be diagnosed using the diagnostic tool commonly used by the medical professional who specializes in the health specialty related to myoclonus?,Weight gain
health_symptom,hostility,said to be the same as,aggression,What did hostility say to be the same as?,"""Be the same as"" is a phrase that can be used to describe a",0.0,"['aggression', '""Be the same as"" is a phrase that can be used to describe a', 'friendliness', 'calmness']",What is hostility said to be equivalent to?,"A. aggression  B. calmness  C. friendliness  D. ""Be the same as"" is a phrase that can be used to describe a",A,Is hostility said to be the same as aggression?,"Is hostility said to be the same as ""Be the same as"" is a phrase that can be used to describe a?",What is a common emotion associated with hostility?,What is aggression said to be the same as?,What is a synonym for the term that is said to be the same as hostility?,antagonism,What is an antonym for the synonym of the term that is said to be the same as hostility?,friendliness,What is a common behavior associated with the antonym of the synonym of the term that is said to be the same as hostility?,kindness,What is a common outcome of the behavior associated with the antonym of the synonym of the term that is said to be the same as hostility?,harmony,What is a societal benefit of the common outcome of the behavior associated with the antonym of the synonym of the term that is said to be the same as hostility?,peace
health_symptom,distraction,does not have characteristic,intention,What does distraction do not have characteristic?,Distraction does not have the characteristic of being a noun,0.0,"['intention', 'being a noun', 'focus', 'clarity']",What characteristic is not associated with distraction?,A. Distraction does not have the characteristic of being a noun  B. focus  C. intention  D. clarity,C,Does distraction lack the characteristic of intention?,Does distraction lack the characteristic of being a noun?,What is a common effect of distraction?,What does intention not have characteristic of?,What is an activity that does not have the characteristic of distraction?,Meditation,What is a benefit of an activity that does not have the characteristic of distraction?,Improved focus,Which part of the brain is positively affected by the benefit of an activity that does not have the characteristic of distraction?,Prefrontal cortex,What is a function of the part of the brain that is positively affected by the benefit of an activity that does not have the characteristic of distraction?,Decision making,What is a profession that heavily relies on the function of the part of the brain positively affected by the benefit of an activity that does not have the characteristic of distraction?,Surgeon
health_symptom,Webbed neck,health specialty,medical genetics,What is the health specialty of Webbed neck?,Webbed neck is a medical condition that affects the neck and is characterized,0.0,"['medical genetics', 'Webbed neck is a medical condition that affects the neck and is characterized', 'cardiology', 'neurology']",Which medical field specializes in Webbed neck?,A. cardiology  B. Webbed neck is a medical condition that affects the neck and is characterized  C. medical genetics  D. neurology,C,Is the health specialty of Webbed neck medical genetics?,Is the health specialty of Webbed neck Webbed neck is a medical condition that affects the neck and is characterized?,What is a common symptom associated with Webbed neck?,What condition does medical genetics specialize in?,Which health specialty deals with the treatment of a webbed neck?,Genetics,What is a common genetic disorder associated with a webbed neck that a genetics specialist might diagnose?,Turner syndrome,Which chromosome is affected in the genetic disorder associated with a webbed neck that a genetics specialist might diagnose?,X chromosome,Who discovered the genetic disorder associated with a webbed neck that involves the X chromosome?,Henry Turner,In which year was the genetic disorder associated with a webbed neck that involves the X chromosome discovered by Henry Turner?,1938
health_symptom,heat exhaustion,has cause,hot,What does heat exhaustion have cause?,Heat exhaustion is caused by prolonged exposure to high temperatures and,0.0,"['hot', 'Heat exhaustion is caused by prolonged exposure to high temperatures and', 'cold', 'humidity']",What is the cause of heat exhaustion?,A. cold  B. humidity  C. Heat exhaustion is caused by prolonged exposure to high temperatures and  D. hot,D,Is heat exhaustion caused by hot conditions?,Is heat exhaustion caused by prolonged exposure to high temperatures and?,What is a common symptom of heat exhaustion?,What condition is caused by hot conditions?,What is a common symptom of the cause of heat exhaustion?,Dehydration,What is a common treatment for the symptom of the cause of heat exhaustion?,Drinking fluids,What is a common beverage recommended for the treatment of the symptom of the cause of heat exhaustion?,Water,What is a common source of the beverage recommended for the treatment of the symptom of the cause of heat exhaustion?,Tap,What is a common infrastructure used to deliver the source of the beverage recommended for the treatment of the symptom of the cause of heat exhaustion?,Water supply system
health_symptom,metal poisoning,health specialty,neurology,What is the health specialty of metal poisoning?,Toxicology,0.0,"['Neurology', 'Toxicology', 'Cardiology', 'Dermatology']",Which medical field specializes in metal poisoning?,A. neurology  B. Cardiology  C. Toxicology  D. Dermatology,A,Is the health specialty of metal poisoning neurology?,Is the health specialty of metal poisoning toxicology?,What is a common symptom associated with metal poisoning?,What condition does neurology specialize in related to metal exposure?,What is the medical specialty that deals with metal poisoning?,Toxicology,Who is a notable expert in the medical specialty that deals with metal poisoning?,Alice Hamilton,"Which university did the notable expert in toxicology, who deals with metal poisoning, work at?",Harvard University,"In which city is the university located where the notable expert in toxicology, who deals with metal poisoning, worked?",Cambridge,"In which state is the city located where the university is situated that employed the notable expert in toxicology, who deals with metal poisoning?",Massachusetts
health_symptom,metal poisoning,has cause,metal element,What does metal poisoning have cause?,Metal poisoning can be caused by exposure to high levels of toxic met,0.0,"['metal element', 'Metal poisoning can be caused by exposure to high levels of toxic met', 'chemical exposure', 'radiation']",What is the cause of metal poisoning?,A. chemical exposure  B. radiation  C. Metal poisoning can be caused by exposure to high levels of toxic met  D. metal element,D,Does metal poisoning have cause in metal element?,Does metal poisoning have cause in Metal poisoning can be caused by exposure to high levels of toxic met?,What is a common symptom of metal poisoning?,What does a metal element cause?,What is a common source of the cause of metal poisoning?,Contaminated water,Which heavy metal is often found in contaminated water that causes metal poisoning?,Lead,What is a common health effect of lead exposure from contaminated water?,Neurological damage,Which demographic is most vulnerable to neurological damage from lead exposure?,Children,What is a common intervention to prevent lead exposure in children?,Lead paint removal
health_symptom,urination disorder,anatomical location,urinary system,What is the anatomical location of urination disorder?,Urination disorder is a condition that affects the normal functioning of the,0.0,"['urinary system', 'Urination disorder is a condition that affects the normal functioning of the', 'digestive system', 'respiratory system']",Where is a urination disorder anatomically located?,A. urinary system  B. Urination disorder is a condition that affects the normal functioning of the  C. respiratory system  D. digestive system,A,Is the anatomical location of urination disorder the urinary system?,Is the anatomical location of urination disorder a condition that affects the normal functioning of the?,What is a common symptom of a urination disorder?,What disorder is anatomically located in the urinary system?,What is a common symptom of a disorder that affects the anatomical location related to urination?,Frequent urination,What is a common treatment for frequent urination caused by a disorder in the anatomical location related to urination?,Medication,What type of medication is commonly prescribed for frequent urination caused by a disorder in the anatomical location related to urination?,Anticholinergics,"What is a potential side effect of anticholinergics, which are prescribed for frequent urination caused by a disorder in the anatomical location related to urination?",Dry mouth,"What is a common remedy for dry mouth, a side effect of anticholinergics prescribed for frequent urination caused by a disorder in the anatomical location related to urination?",Drinking water
health_symptom,necrolytic migratory erythema,health specialty,dermatology,What is the health specialty of necrolytic migratory erythema?,Necrolytic migratory erythema is a skin condition,0.0,"['dermatology', 'Necrolytic migratory erythema is a skin condition', 'neurology', 'gastroenterology']",Which medical specialty deals with necrolytic migratory erythema?,A. neurology  B. dermatology  C. gastroenterology  D. Necrolytic migratory erythema is a skin condition,B,Is dermatology the health specialty of necrolytic migratory erythema?,Is Necrolytic migratory erythema is a skin condition the health specialty of necrolytic migratory erythema?,What type of condition is necrolytic migratory erythema?,What condition is associated with the health specialty of dermatology?,Which type of doctor specializes in treating necrolytic migratory erythema?,Dermatologist,What is a common treatment prescribed by dermatologists for necrolytic migratory erythema?,Octreotide,Which company manufactures the common treatment prescribed by dermatologists for necrolytic migratory erythema?,Novartis,In which country is the company that manufactures the common treatment for necrolytic migratory erythema headquartered?,Switzerland,What is the capital city of the country where the company that manufactures the common treatment for necrolytic migratory erythema is headquartered?,Bern
health_symptom,logorrhea,health specialty,psychology,What is the health specialty of logorrhea?,Logorrhea is a speech disorder characterized by an excessive and,0.0,"['psychology', 'Logorrhea is a speech disorder characterized by an excessive and', 'neurology', 'psychiatry']",Which health specialty deals with logorrhea?,A. psychiatry  B. psychology  C. neurology  D. Logorrhea is a speech disorder characterized by an excessive and,B,Is the health specialty of logorrhea psychology?,Is the health specialty of logorrhea 'Logorrhea is a speech disorder characterized by an excessive and'?,What is a common symptom of logorrhea?,What condition does psychology specialize in that involves excessive speech?,Which medical professional specializes in treating logorrhea?,Speech-language pathologist,What is the primary focus of a speech-language pathologist who treats logorrhea?,Communication disorders,Which organization certifies speech-language pathologists who treat communication disorders like logorrhea?,American Speech-Language-Hearing Association (ASHA),In which year was the American Speech-Language-Hearing Association (ASHA) founded?,1925,In which city is the headquarters of the American Speech-Language-Hearing Association (ASHA) located?,Rockville
health_symptom,asterixis,health specialty,neurology,What is the health specialty of asterixis?,"Asterixis is a medical condition characterized by the presence of small,",0.0,"['neurology', 'Asterixis is a medical condition characterized by the presence of small,', 'cardiology', 'dermatology']",Which medical field deals with asterixis?,"A. cardiology  B. dermatology  C. Asterixis is a medical condition characterized by the presence of small,  D. neurology",D,Is the health specialty of asterixis neurology?,"Is the health specialty of asterixis Asterixis is a medical condition characterized by the presence of small,?",What is a common symptom associated with asterixis?,What condition is associated with the health specialty of neurology?,Which medical specialty deals with the treatment of asterixis?,Hepatology,What is a common condition treated by the medical specialty that deals with asterixis?,Liver cirrhosis,What is a common cause of the condition treated by the medical specialty that deals with asterixis?,Chronic alcohol abuse,What is a common symptom of the condition caused by chronic alcohol abuse that is treated by the medical specialty dealing with asterixis?,Jaundice,What is a common diagnostic test used to detect the condition that causes jaundice and is treated by the medical specialty dealing with asterixis?,Liver function test
health_symptom,aura,health specialty,neurology,What is the health specialty of aura?,"Aura is a term used in various fields, including medicine, psychology,",0.0,"['neurology', 'Aura is a term used in various fields, including medicine, psychology,', 'cardiology', 'dermatology']",Which medical specialty is associated with aura?,"A. dermatology  B. neurology  C. Aura is a term used in various fields, including medicine, psychology,  D. cardiology",B,Is neurology the health specialty of aura?,"Is Aura is a term used in various fields, including medicine, psychology, the health specialty of aura?",What is a common symptom experienced during an aura?,What condition is associated with the health specialty of neurology?,What is a common treatment method used in the health specialty related to aura?,Meditation,Who is a well-known practitioner of the treatment method used in the health specialty related to aura?,Deepak Chopra,What is the title of a book written by the well-known practitioner of the treatment method used in the health specialty related to aura?,The Seven Spiritual Laws of Success,Which publishing company published the book written by the well-known practitioner of the treatment method used in the health specialty related to aura?,Amber-Allen Publishing,In which year was the book published by the publishing company that was written by the well-known practitioner of the treatment method used in the health specialty related to aura?,1994
health_symptom,tension headache,health specialty,neurology,What is the health specialty of tension headache?,Tension headache is a common type of headache that is often associated with,0.0,"['neurology', 'Tension headache is a common type of headache that is often associated with', 'cardiology', 'dermatology']",Which medical specialty deals with tension headaches?,A. dermatology  B. neurology  C. cardiology  D. Tension headache is a common type of headache that is often associated with,B,Is the health specialty of tension headache neurology?,Is the health specialty of tension headache Tension headache is a common type of headache that is often associated with?,What is a common symptom of tension headache?,What condition does neurology specialize in treating?,Which type of doctor specializes in treating tension headaches?,Neurologist,What is a common diagnostic tool used by the type of doctor who specializes in treating tension headaches?,MRI,Which medical imaging technique is often used to perform the diagnostic tool used by the type of doctor who specializes in treating tension headaches?,Magnetic Resonance Imaging,What is the primary purpose of the medical imaging technique used to perform the diagnostic tool by the type of doctor who specializes in treating tension headaches?,To create detailed images of the organs and tissues in the body,"Which part of the body is most commonly examined using the medical imaging technique that creates detailed images of organs and tissues, as used by the type of doctor who specializes in treating tension headaches?",Brain
health_symptom,tension headache,medical examination,physical examination,What is the medical examination of tension headache?,Tension headache is typically diagnosed based on a patient's reported sympt,0.0,"['physical examination', ""Tension headache is typically diagnosed based on a patient's reported symptoms"", 'blood test', 'MRI scan']",Which medical examination is used for diagnosing a tension headache?,A. physical examination  B. MRI scan  C. Tension headache is typically diagnosed based on a patient's reported sympt  D. blood test,A,Is the medical examination for tension headache a physical examination?,Is the medical examination for tension headache typically diagnosed based on a patient's reported symptoms?,What is a common symptom of a tension headache?,What condition is diagnosed using a physical examination?,Which specialist is typically consulted for a medical examination of a tension headache?,Neurologist,What is a common diagnostic test that a neurologist might order during a medical examination for a tension headache?,MRI scan,What part of the body is primarily examined in an MRI scan ordered for a tension headache?,Brain,Which imaging technique is used to create detailed images of the brain during an MRI scan?,Magnetic resonance imaging,What type of magnetic field is used in the imaging technique that creates detailed images of the brain during an MRI scan?,Strong magnetic field
health_symptom,asthenia,drug or therapy used for treatment,mesocarb,What is the drug or therapy used for treatment of asthenia?,Asthenia is a condition characterized by weakness and fatigue. There,0.0,"['mesocarb', 'Asthenia is a condition characterized by weakness and fatigue. There', 'modafinil', 'caffeine']",Which drug or therapy is utilized to treat asthenia?,A. modafinil  B. Asthenia is a condition characterized by weakness and fatigue. There  C. caffeine  D. mesocarb,D,Is mesocarb the drug or therapy used for treatment of asthenia?,Is 'Asthenia is a condition characterized by weakness and fatigue. There' the drug or therapy used for treatment of asthenia?,What is a common symptom of asthenia?,What condition is treated with mesocarb?,What is a common side effect of the drug or therapy used for the treatment of asthenia?,Fatigue,Which organ system is primarily affected by the common side effect of the drug or therapy used for the treatment of asthenia?,Nervous system,What is a common diagnostic test for assessing the function of the organ system primarily affected by the common side effect of the drug or therapy used for the treatment of asthenia?,Electroencephalogram (EEG),Which medical specialist is most likely to interpret the results of the common diagnostic test for assessing the function of the organ system primarily affected by the common side effect of the drug or therapy used for the treatment of asthenia?,Neurologist,What is a common neurological disorder that a medical specialist who interprets the results of the common diagnostic test for assessing the function of the organ system primarily affected by the common side effect of the drug or therapy used for the treatment of asthenia might diagnose?,Epilepsy
health_symptom,torticollis,health specialty,rheumatology,What is the health specialty of torticollis?,Torticollis is a medical condition characterized by an abnormal head,0.0,"['rheumatology', 'Torticollis is a medical condition characterized by an abnormal head', 'neurology', 'orthopedics']",Which medical specialty deals with torticollis?,A. orthopedics  B. Torticollis is a medical condition characterized by an abnormal head  C. neurology  D. rheumatology,D,Is the health specialty of torticollis rheumatology?,Is the health specialty of torticollis Torticollis is a medical condition characterized by an abnormal head?,What type of condition is torticollis?,What condition is associated with the health specialty of rheumatology?,Which type of doctor specializes in treating torticollis?,Orthopedic surgeon,What is a common treatment method used by an orthopedic surgeon for torticollis?,Physical therapy,What is a specific exercise used in physical therapy to treat torticollis?,Neck stretching exercises,Which muscle is commonly targeted in neck stretching exercises for torticollis?,Sternocleidomastoid muscle,What is the primary function of the sternocleidomastoid muscle targeted in neck stretching exercises for torticollis?,Rotation and flexion of the neck
health_symptom,Braxton Hicks contraction,health specialty,obstetrics,What is the health specialty of Braxton Hicks contraction?,Braxton Hicks contractions are a type of uterine contraction,0.0,"['obstetrics', 'Braxton Hicks contractions are a type of uterine contraction', 'cardiology', 'neurology']",Which medical field deals with Braxton Hicks contractions?,A. cardiology  B. neurology  C. obstetrics  D. Braxton Hicks contractions are a type of uterine contraction,C,Is the health specialty of Braxton Hicks contraction obstetrics?,Is the health specialty of Braxton Hicks contraction that Braxton Hicks contractions are a type of uterine contraction?,What is a common symptom associated with Braxton Hicks contractions?,What type of contractions are associated with the health specialty of obstetrics?,What is the health specialty that deals with Braxton Hicks contractions?,Obstetrics,What is a common procedure performed by specialists in the health specialty that deals with Braxton Hicks contractions?,Cesarean section,What is the recovery time for a common procedure performed by specialists in the health specialty that deals with Braxton Hicks contractions?,6 to 8 weeks,What is a common complication that can occur during the recovery time of a common procedure performed by specialists in the health specialty that deals with Braxton Hicks contractions?,Infection,What is a common treatment for a complication that can occur during the recovery time of a common procedure performed by specialists in the health specialty that deals with Braxton Hicks contractions?,Antibiotics
health_symptom,chemical burn,health specialty,emergency medicine,What is the health specialty of chemical burn?,"Chemical burns are a type of injury that can affect the skin, eyes",0.0,"['emergency medicine', 'Chemical burns are a type of injury that can affect the skin, eyes', 'dermatology', 'toxicology']",Which medical specialty deals with chemical burns?,"A. emergency medicine  B. Chemical burns are a type of injury that can affect the skin, eyes  C. dermatology  D. toxicology",A,Is the health specialty of chemical burn emergency medicine?,"Is the health specialty of chemical burn that it can affect the skin, eyes?",What type of injury can chemical burns cause?,What type of injury does emergency medicine specialize in?,What is the medical specialty that deals with the treatment of chemical burns?,Dermatology,What is a common treatment method used by dermatologists for chemical burns?,Topical antibiotics,What is a common side effect of using topical antibiotics for chemical burns?,Skin irritation,What is a common over-the-counter medication used to alleviate skin irritation caused by topical antibiotics?,Hydrocortisone cream,What is the active ingredient in hydrocortisone cream that helps reduce inflammation?,Hydrocortisone
health_symptom,vesical tenesmus,health specialty,urology,What is the health specialty of vesical tenesmus?,Vesical tenesmus is a condition characterized by the involuntary,0.0,"['urology', 'Vesical tenesmus is a condition characterized by the involuntary', 'neurology', 'gastroenterology']",Which medical field specializes in vesical tenesmus?,A. Vesical tenesmus is a condition characterized by the involuntary  B. neurology  C. urology  D. gastroenterology,C,Is the health specialty of vesical tenesmus urology?,Is the health specialty of vesical tenesmus Vesical tenesmus is a condition characterized by the involuntary?,What symptom is commonly associated with vesical tenesmus?,What condition does urology specialize in?,Which health specialty deals with vesical tenesmus?,Urology,What is a common diagnostic procedure used in the health specialty that deals with vesical tenesmus?,Cystoscopy,What type of anesthesia is typically used during the common diagnostic procedure in the health specialty that deals with vesical tenesmus?,Local anesthesia,What is a common side effect of the type of anesthesia used during the diagnostic procedure in the health specialty that deals with vesical tenesmus?,Temporary numbness,What is a common treatment to alleviate the side effect of the anesthesia used during the diagnostic procedure in the health specialty that deals with vesical tenesmus?,Rest and time
health_symptom,absence seizure,health specialty,neurology,What is the health specialty of absence seizure?,Absence seizures are a type of epilepsy that affects,0.0,"['neurology', 'Absence seizures are a type of epilepsy that affects', 'cardiology', 'dermatology']",Which medical field specializes in absence seizures?,A. neurology  B. dermatology  C. Absence seizures are a type of epilepsy that affects  D. cardiology,A,Is neurology the health specialty of absence seizure?,Is Absence seizures are a type of epilepsy that affects the health specialty of absence seizure?,What type of medical condition is commonly treated by neurologists?,What condition does neurology specialize in?,What is a common treatment method used by the health specialty that deals with absence seizures?,Antiepileptic drugs,What is a well-known antiepileptic drug used to treat absence seizures?,Ethosuximide,Which pharmaceutical company manufactures Ethosuximide?,Pfizer,In which country is the headquarters of the pharmaceutical company that manufactures Ethosuximide located?,United States,In which city is the headquarters of the pharmaceutical company that manufactures Ethosuximide located?,New York City
health_symptom,acneiform eruption,health specialty,dermatology,What is the health specialty of acneiform eruption?,Acneiform eruption is a skin condition that resembles acne,0.0,"['dermatology', 'Acneiform eruption is a skin condition that resembles acne', 'cardiology', 'neurology']",Which medical field specializes in treating acneiform eruptions?,A. dermatology  B. Acneiform eruption is a skin condition that resembles acne  C. cardiology  D. neurology,A,Is dermatology the health specialty of acneiform eruption?,Is Acneiform eruption is a skin condition that resembles acne the health specialty of acneiform eruption?,What is a common treatment method used in dermatology?,What condition does dermatology specialize in treating?,What is a common treatment method used by the health specialty that deals with acneiform eruption?,Topical retinoids,What is a common side effect of the treatment method used by the health specialty that deals with acneiform eruption?,Skin irritation,What is a recommended skincare product to alleviate the side effect of the treatment method used by the health specialty that deals with acneiform eruption?,Moisturizer,What is a common ingredient in the recommended skincare product to alleviate the side effect of the treatment method used by the health specialty that deals with acneiform eruption?,Hyaluronic acid,Which company is known for producing skincare products that contain the common ingredient in the recommended skincare product to alleviate the side effect of the treatment method used by the health specialty that deals with acneiform eruption?,The Ordinary
health_symptom,melena,has cause,stomach bleeding,What does melena have cause?,Melena is a type of vaginal discharge that can be caused by,0.0,"['stomach bleeding', 'Melena is a type of vaginal discharge that can be caused by', 'intestinal obstruction', 'liver disease']",What is the cause of melena?,A. stomach bleeding  B. intestinal obstruction  C. liver disease  D. Melena is a type of vaginal discharge that can be caused by,A,Does melena have cause stomach bleeding?,Does melena have cause Melena is a type of vaginal discharge that can be caused by?,What is a common symptom associated with melena?,What condition is caused by stomach bleeding?,What is a common condition that has a cause of melena?,Peptic ulcer disease,What bacterium is often associated with the condition that has a cause of melena?,Helicobacter pylori,What type of medication is commonly used to treat the bacterium associated with the condition that has a cause of melena?,Antibiotics,What is a common side effect of the medication used to treat the bacterium associated with the condition that has a cause of melena?,Diarrhea,What dietary change is often recommended to manage the side effect of the medication used to treat the bacterium associated with the condition that has a cause of melena?,Increased fiber intake
health_symptom,stereotypy,health specialty,psychiatry,What is the health specialty of stereotypy?,Stereotypy is a repetitive behavior often seen in individuals with aut,0.0,"['psychiatry', 'Stereotypy is a repetitive behavior often seen in individuals with autism', 'neurology', 'psychology']",Which medical field deals with stereotypy?,A. psychology  B. psychiatry  C. neurology  D. Stereotypy is a repetitive behavior often seen in individuals with aut,B,Is the health specialty of stereotypy psychiatry?,Is the health specialty of stereotypy Stereotypy is a repetitive behavior often seen in individuals with autism?,What is a common symptom associated with stereotypy?,What condition is psychiatry a health specialty for?,What is a common treatment method used in the health specialty that deals with stereotypy?,Behavioral therapy,"Who is a notable psychologist associated with the development of behavioral therapy, a treatment method used in the health specialty that deals with stereotypy?",B.F. Skinner,"Which university did B.F. Skinner, the psychologist associated with behavioral therapy, attend for his undergraduate studies?",Hamilton College,"In which city is Hamilton College, the university that B.F. Skinner attended for his undergraduate studies, located?",Clinton,"In which state is the city of Clinton, where Hamilton College is located, the university that B.F. Skinner attended for his undergraduate studies?",New York
health_symptom,erythema,health specialty,dermatology,What is the health specialty of erythema?,Erythema is a skin condition characterized by redness or inflamm,0.0,"['dermatology', 'Erythema is a skin condition characterized by redness or inflamm', 'cardiology', 'neurology']",Which medical field specializes in treating erythema?,A. cardiology  B. neurology  C. Erythema is a skin condition characterized by redness or inflamm  D. dermatology,D,Is dermatology the health specialty for erythema?,Is Erythema is a skin condition characterized by redness or inflamm the health specialty for erythema?,What is a common symptom associated with erythema?,What condition does dermatology specialize in treating?,What is the medical specialty that deals with erythema?,Dermatology,What is a common treatment method used in the medical specialty that deals with erythema?,Topical corticosteroids,What is a potential side effect of the common treatment method used in the medical specialty that deals with erythema?,Skin thinning,What is a preventive measure to avoid the side effect of the common treatment method used in the medical specialty that deals with erythema?,Using the medication as prescribed and not overusing it,What is an alternative treatment to avoid the side effect of the common treatment method used in the medical specialty that deals with erythema?,Moisturizers and emollients
health_symptom,laryngospasm,health specialty,pulmonology,What is the health specialty of laryngospasm?,Laryngospasm is a medical condition characterized by the sudden and invol,0.0,"['pulmonology', 'Laryngospasm is a medical condition characterized by the sudden and invol', 'cardiology', 'neurology']",Which medical specialty deals with laryngospasm?,A. Laryngospasm is a medical condition characterized by the sudden and invol  B. cardiology  C. pulmonology  D. neurology,C,Is pulmonology the health specialty of laryngospasm?,Is Laryngospasm is a medical condition characterized by the sudden and invol the health specialty of laryngospasm?,What is a common symptom associated with laryngospasm?,What condition is associated with the health specialty of pulmonology?,Which type of doctor specializes in treating laryngospasm?,Otolaryngologist,What is another name for an otolaryngologist?,"ENT (Ear, Nose, and Throat) doctor",What is a common condition treated by an ENT doctor besides laryngospasm?,Sinusitis,What is a common symptom of sinusitis?,Nasal congestion,What is a common over-the-counter medication used to treat nasal congestion?,Decongestant
health_symptom,suicidal ideation,has cause,mental disorder,What does suicidal ideation have cause?,"Suicidal ideation can be caused by a variety of factors, including mental",0.0,"['mental disorder', 'Suicidal ideation can be caused by a variety of factors, including mental', 'physical illness', 'financial stress']",What is the cause of suicidal ideation?,"A. mental disorder  B. financial stress  C. physical illness  D. Suicidal ideation can be caused by a variety of factors, including mental",A,Does suicidal ideation have cause in mental disorder?,"Does suicidal ideation have cause in Suicidal ideation can be caused by a variety of factors, including mental?",What is a common symptom associated with suicidal ideation?,What does mental disorder cause?,What is a common mental health disorder that has a cause of suicidal ideation?,Depression,What is a common treatment for the mental health disorder that has a cause of suicidal ideation?,Cognitive Behavioral Therapy (CBT),Who developed the common treatment for the mental health disorder that has a cause of suicidal ideation?,Aaron T. Beck,Which university did the developer of the common treatment for the mental health disorder that has a cause of suicidal ideation work at?,University of Pennsylvania,In which city is the university located where the developer of the common treatment for the mental health disorder that has a cause of suicidal ideation worked?,Philadelphia
health_symptom,suicidal ideation,possible treatment,psychotherapy,What is the possible treatment of suicidal ideation?,"Suicidal ideation can be treated through a combination of therapy, medic",0.0,"['psychotherapy', 'Suicidal ideation can be treated through a combination of therapy, medic', 'medication', 'counseling']",What treatment is considered effective for suicidal ideation?,"A. Suicidal ideation can be treated through a combination of therapy, medic  B. psychotherapy  C. medication  D. counseling",B,Is psychotherapy a possible treatment for suicidal ideation?,"Is suicidal ideation treated through a combination of therapy, medic?",What is a common symptom associated with suicidal ideation?,What condition can be treated with psychotherapy?,What is a common medication used as a possible treatment for suicidal ideation?,Antidepressants,What is a well-known brand of antidepressants used as a possible treatment for suicidal ideation?,Prozac,Which pharmaceutical company manufactures the antidepressant Prozac?,Eli Lilly and Company,In which city is the headquarters of the pharmaceutical company that manufactures Prozac located?,Indianapolis,In which state is the city located where the headquarters of the pharmaceutical company that manufactures Prozac is situated?,Indiana
health_symptom,suicidal ideation,health specialty,clinical psychology,What is the health specialty of suicidal ideation?,Suicidal ideation is a mental health concern that falls under the umbre,0.0,"['clinical psychology', 'Suicidal ideation is a mental health concern that falls under the umbre', 'psychiatry', 'counseling']",Which health specialty deals with suicidal ideation?,A. counseling  B. Suicidal ideation is a mental health concern that falls under the umbre  C. psychiatry  D. clinical psychology,D,Is the health specialty of suicidal ideation clinical psychology?,Is the health specialty of suicidal ideation Suicidal ideation is a mental health concern that falls under the umbre?,What is a common treatment approach used in clinical psychology?,What condition is addressed by clinical psychology?,Which type of healthcare professional specializes in treating suicidal ideation?,Psychiatrist,What is the primary treatment method used by the healthcare professional who specializes in treating suicidal ideation?,Psychotherapy,What is a common therapeutic approach used in the primary treatment method for suicidal ideation?,Cognitive Behavioral Therapy (CBT),Who developed the common therapeutic approach used in the primary treatment method for suicidal ideation?,Aaron T. Beck,Which university was the developer of the common therapeutic approach for treating suicidal ideation affiliated with?,University of Pennsylvania
health_symptom,runny nose,health specialty,pulmonology,What is the health specialty of runny nose?,Allergies,0.0,"['Pulmonology', 'Allergies', 'Cardiology', 'Dermatology']",Which medical specialty deals with a runny nose?,A. Cardiology  B. Allergies  C. pulmonology  D. Dermatology,C,Is the health specialty of runny nose pulmonology?,Is the health specialty of runny nose allergies?,What is a common symptom associated with a runny nose?,What condition is pulmonology a health specialty for?,What is the medical specialty that deals with a runny nose?,Otolaryngology,What is a common treatment prescribed by an otolaryngologist for a runny nose?,Antihistamines,What is a common side effect of antihistamines prescribed for a runny nose?,Drowsiness,What is a non-drowsy alternative to antihistamines for treating a runny nose?,Nasal corticosteroids,What is a common brand name for nasal corticosteroids used to treat a runny nose?,Flonase
health_symptom,odynophagia,health specialty,gastroenterology,What is the health specialty of odynophagia?,"Odynophagia is a symptom, not a specialty. It",0.0,"['gastroenterology', 'Odynophagia is a symptom, not a specialty.', 'cardiology', 'neurology']",Which medical specialty deals with odynophagia?,"A. neurology  B. gastroenterology  C. Odynophagia is a symptom, not a specialty. It  D. cardiology",B,Is gastroenterology the health specialty for odynophagia?,"Is 'Odynophagia is a symptom, not a specialty.' the health specialty for odynophagia?",What is a common symptom associated with odynophagia?,What condition is associated with the health specialty of gastroenterology?,Which type of doctor specializes in treating odynophagia?,Otolaryngologist,What is another name for the type of doctor who specializes in treating odynophagia?,"ENT (Ear, Nose, and Throat) specialist",What is a common condition that an ENT specialist treats besides odynophagia?,Sinusitis,"What is a common symptom of sinusitis, a condition treated by an ENT specialist?",Nasal congestion,"What is a common over-the-counter medication used to relieve nasal congestion, a symptom of sinusitis?",Decongestant
health_symptom,hearing disorder,health specialty,neurology,What is the health specialty of hearing disorder?,Audiology,0.0,"['Neurology', 'Audiology', 'Otolaryngology', 'Cardiology']",Which medical specialty deals with hearing disorders?,A. Audiology  B. neurology  C. Otolaryngology  D. Cardiology,B,Is the health specialty of hearing disorder neurology?,Is the health specialty of hearing disorder audiology?,What part of the body is primarily affected by a hearing disorder?,What condition is treated by the health specialty of neurology?,What is a common treatment for a health specialty related to hearing disorders?,Hearing aids,Which professional typically prescribes the common treatment for a health specialty related to hearing disorders?,Audiologist,What degree is typically required for a professional who prescribes the common treatment for a health specialty related to hearing disorders?,Doctor of Audiology (Au.D.),Which organization accredits the degree program required for a professional who prescribes the common treatment for a health specialty related to hearing disorders?,Council on Academic Accreditation in Audiology and Speech-Language Pathology (CAA),Which larger association is the accrediting organization for the degree program required for a professional who prescribes the common treatment for a health specialty related to hearing disorders a part of?,American Speech-Language-Hearing Association (ASHA)
health_symptom,palmar erythema,health specialty,dermatology,What is the health specialty of palmar erythema?,"Palmar erythema is a skin condition characterized by red, inflamed skin",0.0,"['dermatology', 'Palmar erythema is a skin condition characterized by red, inflamed skin', 'cardiology', 'neurology']",Which medical field deals with palmar erythema?,"A. Palmar erythema is a skin condition characterized by red, inflamed skin  B. neurology  C. cardiology  D. dermatology",D,Is dermatology the health specialty of palmar erythema?,"Is Palmar erythema a skin condition characterized by red, inflamed skin the health specialty of palmar erythema?",What is a common symptom of palmar erythema?,What condition is associated with the health specialty of dermatology?,Which type of doctor specializes in the health specialty related to palmar erythema?,Dermatologist,What is a common treatment prescribed by a dermatologist for conditions related to palmar erythema?,Topical corticosteroids,What is a potential side effect of using topical corticosteroids prescribed by a dermatologist?,Skin thinning,Which layer of the skin is most affected by the side effect of skin thinning due to topical corticosteroids?,Epidermis,"What is the primary function of the epidermis, the skin layer affected by the side effect of skin thinning?",Protection against environmental hazards
health_symptom,hot flash,has cause,climacteric,What does hot flash have cause?,"Hot flashes are caused by a sudden increase in blood flow to the skin,",0.0,"['climacteric', 'Hot flashes are caused by a sudden increase in blood flow to the skin', 'hormonal changes', 'menopause']",What is the cause of a hot flash?,"A. climacteric  B. Hot flashes are caused by a sudden increase in blood flow to the skin,  C. menopause  D. hormonal changes",A,Does a hot flash have cause climacteric?,Does a hot flash have cause Hot flashes are caused by a sudden increase in blood flow to the skin?,What is a common symptom experienced during the climacteric period?,What does climacteric cause?,What is a common treatment for the cause of hot flashes?,Hormone replacement therapy,Which hormone is commonly used in the treatment for the cause of hot flashes?,Estrogen,Which gland in the human body produces the hormone commonly used in the treatment for the cause of hot flashes?,Ovaries,In which part of the human body are the glands located that produce the hormone used in the treatment for the cause of hot flashes?,Pelvic region,Which system of the human body includes the part where the glands are located that produce the hormone used in the treatment for the cause of hot flashes?,Reproductive system
health_symptom,hot flash,health specialty,gynaecology,What is the health specialty of hot flash?,Hot flashes are a common symptom of menopause and are typically managed,0.0,"['gynaecology', 'Hot flashes are a common symptom of menopause and are typically managed', 'dermatology', 'endocrinology']",Which medical specialty deals with hot flashes?,A. Hot flashes are a common symptom of menopause and are typically managed  B. endocrinology  C. dermatology  D. gynaecology,D,Is gynaecology the health specialty for hot flash?,Is 'Hot flashes are a common symptom of menopause and are typically managed' the health specialty for hot flash?,What is a common symptom associated with hot flashes?,What condition is managed by the health specialty of gynaecology?,Which medical specialty deals with the treatment of hot flashes?,Gynecology,What is a common treatment prescribed by gynecologists for hot flashes?,Hormone Replacement Therapy,Which hormone is commonly used in Hormone Replacement Therapy for treating hot flashes?,Estrogen,Which gland in the human body primarily produces estrogen?,Ovaries,In which part of the female reproductive system are the ovaries located?,Pelvis
health_symptom,erythroderma,health specialty,dermatology,What is the health specialty of erythroderma?,Erythroderma is a skin condition characterized by a wides,0.0,"['dermatology', 'Erythroderma is a skin condition characterized by a wides', 'cardiology', 'neurology']",Which medical field specializes in treating erythroderma?,A. Erythroderma is a skin condition characterized by a wides  B. neurology  C. cardiology  D. dermatology,D,Is dermatology the health specialty for erythroderma?,Is Erythroderma is a skin condition characterized by a wides the health specialty for erythroderma?,What is a common symptom associated with erythroderma?,What condition does dermatology specialize in treating?,Which medical professional specializes in the health specialty related to erythroderma?,Dermatologist,What is the primary professional organization for dermatologists who specialize in conditions like erythroderma?,American Academy of Dermatology,In which year was the primary professional organization for dermatologists who specialize in conditions like erythroderma founded?,1938,Who was the first president of the primary professional organization for dermatologists founded in 1938?,Henry H. Hazen,"Which university did the first president of the primary professional organization for dermatologists, Henry H. Hazen, attend?",Georgetown University
